PID,STATUS
P2001,2
P2002,2
P2003,2
P2004,2
P2005,2
P2006,2
P2007,2
P2008,2
P2009,2
P2010,2
P2011,2
P2012,2
P2013,2
P2014,2
P2015,2
P2016,2
P2017,2
P2018,2
P2019,2
P2020,2
P2021,2
P2022,2
P2023,2
P2024,2
P2025,2
P2026,2
P2027,2
P2028,2
P2029,2
P2030,2
P2031,2
P2032,2
P2033,2
P2034,2
P2035,2
P2036,2
P2037,2
P2038,2
P2039,2
P2040,2
P2041,2
P2042,2
P2043,2
P2044,2
P2045,2
P2046,2
P2047,2
P2048,2
P2049,2
P2050,2
P2051,2
P2052,2
P2053,2
P2054,2
P2055,2
P2056,2
P2057,2
P2058,2
P2059,2
P2060,2
P2061,2
P2062,2
P2063,2
P2064,2
P2065,2
P2066,2
P2067,2
P2068,2
P2069,2
P2070,2
P2071,2
P2072,2
P2073,2
P2074,2
P2075,2
P2076,2
P2077,2
P2078,2
P2079,2
P2080,2
P2081,2
P2082,2
P2083,2
P2084,2
P2085,2
P2086,2
P2087,2
P2088,2
P2089,2
P2090,2
P2091,2
P2092,2
P2093,2
P2094,2
P2095,2
P2096,2
P2097,2
P2098,2
P2099,2
P2100,2
P2101,2
P2102,2
P2103,2
P2104,2
P2105,2
P2106,2
P2107,2
P2108,2
P2109,2
P2110,2
P2111,2
P2112,2
P2113,2
P2114,2
P2115,2
P2116,2
P2117,2
P2118,2
P2119,2
P2120,2
P2121,2
P2122,2
P2123,2
P2124,2
P2125,2
P2126,2
P2127,2
P2128,2
P2129,2
P2130,2
P2131,2
P2132,2
P2133,2
P2134,2
P2135,2
P2136,2
P2137,2
P2138,2
P2139,2
P2140,2
P2141,2
P2142,2
P2143,2
P2144,2
P2145,2
P2146,2
P2147,2
P2148,2
P2149,2
P2150,2
P2151,2
P2152,2
P2153,2
P2154,2
P2155,2
P2156,2
P2157,2
P2158,2
P2159,2
P2160,2
P2161,2
P2162,2
P2163,2
P2164,2
P2165,2
P2166,2
P2167,2
P2168,2
P2169,2
P2170,2
P2171,2
P2172,2
P2173,2
